Chrom	Position	Ref	Alt	Max_Pop	AFR	AMR	EAS	EUR	SAS
18	29115328	A	G	SAS	0	0	0	0	0.0132924335378323
3	38592356	A	G	AFR	0.00605143721633888	0	0	0	0
1	55523779	C	A	AFR	0.00529500756429652	0	0	0	0
3	38647444	C	T	SAS	0	0	0	0	0.00306748466257669
19	11210996	C	G	AMR	0.00075642965204236	0.00288184438040346	0	0	0
19	11227549	C	T	EUR	0	0	0	0.00198807157057654	0
1	55505604	G	A	EAS	0	0	0.00198412698412698	0	0
14	23889229	T	A	EAS	0	0	0.00198412698412698	0	0
18	29116222	A	C	EAS	0	0	0.00198412698412698	0	0
1	55518374	C	T	AMR	0	0.00144092219020173	0	0	0
11	2594100	G	A	AMR	0	0.00144092219020173	0	0	0
11	47357547	G	A	AMR	0	0.00144092219020173	0	0	0
11	47372978	C	T	AMR	0	0.00144092219020173	0	0	0
12	111356937	C	T	AMR	0	0.00144092219020173	0	0	0
12	32974373	A	G	AMR	0	0.00144092219020173	0	0	0
19	11200235	G	A	AMR	0	0.00144092219020173	0	0	0
19	11224013	C	T	AMR	0	0.00144092219020173	0	0	0
2	21229068	G	A	AMR	0	0.00144092219020173	0	0	0
3	14183242	C	G	AMR	0	0.00144092219020173	0	0	0
3	38645441	G	A	AMR	0	0.00144092219020173	0	0	0
14	23886482	G	C	SAS	0	0	0	0	0.00102249488752556
14	23895007	G	A	SAS	0	0	0	0	0.00102249488752556
18	28666657	G	A	SAS	0	0	0	0	0.00102249488752556
18	29101207	G	C	SAS	0	0	0	0	0.00102249488752556
2	21229161	G	A	SAS	0	0	0.000992063492063492	0	0.00102249488752556
3	38639416	C	T	SAS	0	0	0	0	0.00102249488752556
3	46902303	G	T	SAS	0	0	0	0	0.00102249488752556
6	7583050	G	A	SAS	0	0	0	0	0.00102249488752556
11	47355233	C	G	EUR	0	0	0	0.00099403578528827	0
11	47374186	C	G	EUR	0	0	0	0.00099403578528827	0
14	23898247	G	A	EUR	0	0	0.000992063492063492	0.00099403578528827	0
18	28666646	G	A	EUR	0	0	0	0.00099403578528827	0
19	11227613	G	A	EUR	0	0	0	0.00099403578528827	0
3	38592978	G	A	EUR	0	0	0	0.00099403578528827	0
3	38603958	G	A	EUR	0	0	0	0.00099403578528827	0
3	38671911	C	T	EUR	0	0	0	0.00099403578528827	0
3	46902238	C	T	EUR	0	0	0	0.00099403578528827	0
6	7575014	C	T	EUR	0	0	0	0.00099403578528827	0
7	150648826	A	G	EUR	0	0	0	0.00099403578528827	0
12	32949042	C	T	EAS	0	0	0.000992063492063492	0	0
19	11215926	G	A	EAS	0	0	0.000992063492063492	0	0
19	11216246	T	C	EAS	0	0	0.000992063492063492	0	0
19	11221390	G	A	EAS	0	0	0.000992063492063492	0	0
3	14172430	A	G	EAS	0	0	0.000992063492063492	0	0
3	38598739	C	A	EAS	0	0	0.000992063492063492	0	0
3	38622757	G	A	EAS	0	0	0.000992063492063492	0	0
11	47364162	C	G	AFR	0.00075642965204236	0	0	0	0
15	63335092	G	A	AFR	0.00075642965204236	0	0	0	0
19	11218189	C	G	AFR	0.00075642965204236	0	0	0	0
19	11221456	C	T	AFR	0.00075642965204236	0	0	0	0
19	11223984	G	A	AFR	0.00075642965204236	0	0	0	0
3	38639380	G	A	AFR	0.00075642965204236	0	0	0	0
6	7583814	G	C	AFR	0.00075642965204236	0	0	0	0
