Chrom	Position	Ref	Alt	Max_Pop	ACB	ASW	ESN	GWD	LWK	MSL	YRI	CLM	MXL	PEL	PUR	CDX	CHB	CHS	JPT	KHV	CEU	FIN	GBR	IBS	TSI	BEB	GIH	ITU	PJL	STU
3	38592356	A	G	ESN	0.00520833333333333	0.00819672131147541	0.0202020202020202	0	0	0	0.00925925925925926	0	0	0	0	0	0	0	0	0	0	0	0	0	0	0	0	0	0	0
18	29115328	A	G	ITU	0	0	0	0	0	0	0	0	0	0	0	0	0	0	0	0	0	0	0	0	0	0.0174418604651163	0.00970873786407767	0.0196078431372549	0.00520833333333333	0.0147058823529412
1	55523779	C	A	ACB	0.015625	0	0.00505050505050505	0	0	0.0117647058823529	0.00462962962962963	0	0	0	0	0	0	0	0	0	0	0	0	0	0	0	0	0	0	0
19	11210996	C	G	CLM	0	0	0	0	0.00505050505050505	0	0	0.0106382978723404	0	0	0	0	0	0	0	0	0	0	0	0	0	0	0	0	0	0
1	55505604	G	A	JPT	0	0	0	0	0	0	0	0	0	0	0	0	0	0	0.00961538461538462	0	0	0	0	0	0	0	0	0	0	0
3	38645441	G	A	PEL	0	0	0	0	0	0	0	0	0	0.00588235294117647	0	0	0	0	0	0	0	0	0	0	0	0	0	0	0	0
3	38639416	C	T	BEB	0	0	0	0	0	0	0	0	0	0	0	0	0	0	0	0	0	0	0	0	0	0.00581395348837209	0	0	0	0
3	46902303	G	T	BEB	0	0	0	0	0	0	0	0	0	0	0	0	0	0	0	0	0	0	0	0	0	0.00581395348837209	0	0	0	0
11	47374186	C	G	GBR	0	0	0	0	0	0	0	0	0	0	0	0	0	0	0	0	0	0	0.00549450549450549	0	0	0	0	0	0	0
14	23898247	G	A	GBR	0	0	0	0	0	0	0	0	0	0	0	0	0	0	0	0.00505050505050505	0	0	0.00549450549450549	0	0	0	0	0	0	0
3	46902238	C	T	GBR	0	0	0	0	0	0	0	0	0	0	0	0	0	0	0	0	0	0	0.00549450549450549	0	0	0	0	0	0	0
14	23889229	T	A	CDX	0	0	0	0	0	0	0	0	0	0	0	0.00537634408602151	0	0	0	0.00505050505050505	0	0	0	0	0	0	0	0	0	0
2	21229161	G	A	CDX	0	0	0	0	0	0	0	0	0	0	0	0.00537634408602151	0	0	0	0	0	0	0	0	0	0	0.00485436893203883	0	0	0
3	38622757	G	A	CDX	0	0	0	0	0	0	0	0	0	0	0	0.00537634408602151	0	0	0	0	0	0	0	0	0	0	0	0	0	0
1	55518374	C	T	CLM	0	0	0	0	0	0	0	0.00531914893617021	0	0	0	0	0	0	0	0	0	0	0	0	0	0	0	0	0	0
11	2594100	G	A	CLM	0	0	0	0	0	0	0	0.00531914893617021	0	0	0	0	0	0	0	0	0	0	0	0	0	0	0	0	0	0
11	47372978	C	T	CLM	0	0	0	0	0	0	0	0.00531914893617021	0	0	0	0	0	0	0	0	0	0	0	0	0	0	0	0	0	0
12	111356937	C	T	CLM	0	0	0	0	0	0	0	0.00531914893617021	0	0	0	0	0	0	0	0	0	0	0	0	0	0	0	0	0	0
19	11200235	G	A	CLM	0	0	0	0	0	0	0	0.00531914893617021	0	0	0	0	0	0	0	0	0	0	0	0	0	0	0	0	0	0
19	11224013	C	T	CLM	0	0	0	0	0	0	0	0.00531914893617021	0	0	0	0	0	0	0	0	0	0	0	0	0	0	0	0	0	0
3	14183242	C	G	CLM	0	0	0	0	0	0	0	0.00531914893617021	0	0	0	0	0	0	0	0	0	0	0	0	0	0	0	0	0	0
3	38647444	C	T	PJL	0	0	0	0	0	0	0	0	0	0	0	0	0	0	0	0	0	0	0	0	0	0	0.00485436893203883	0.00490196078431373	0.00520833333333333	0
6	7583050	G	A	PJL	0	0	0	0	0	0	0	0	0	0	0	0	0	0	0	0	0	0	0	0	0	0	0	0	0.00520833333333333	0
11	47364162	C	G	LWK	0	0	0	0	0.00505050505050505	0	0	0	0	0	0	0	0	0	0	0	0	0	0	0	0	0	0	0	0	0
15	63335092	G	A	ESN	0	0	0.00505050505050505	0	0	0	0	0	0	0	0	0	0	0	0	0	0	0	0	0	0	0	0	0	0	0
19	11215926	G	A	KHV	0	0	0	0	0	0	0	0	0	0	0	0	0	0	0	0.00505050505050505	0	0	0	0	0	0	0	0	0	0
19	11216246	T	C	KHV	0	0	0	0	0	0	0	0	0	0	0	0	0	0	0	0.00505050505050505	0	0	0	0	0	0	0	0	0	0
19	11227613	G	A	FIN	0	0	0	0	0	0	0	0	0	0	0	0	0	0	0	0	0	0.00505050505050505	0	0	0	0	0	0	0	0
3	38592978	G	A	FIN	0	0	0	0	0	0	0	0	0	0	0	0	0	0	0	0	0	0.00505050505050505	0	0	0	0	0	0	0	0
6	7575014	C	T	CEU	0	0	0	0	0	0	0	0	0	0	0	0	0	0	0	0	0.00505050505050505	0	0	0	0	0	0	0	0	0
6	7583814	G	C	LWK	0	0	0	0	0.00505050505050505	0	0	0	0	0	0	0	0	0	0	0	0	0	0	0	0	0	0	0	0	0
7	150648826	A	G	FIN	0	0	0	0	0	0	0	0	0	0	0	0	0	0	0	0	0	0.00505050505050505	0	0	0	0	0	0	0	0
14	23895007	G	A	ITU	0	0	0	0	0	0	0	0	0	0	0	0	0	0	0	0	0	0	0	0	0	0	0	0.00490196078431373	0	0
18	28666657	G	A	ITU	0	0	0	0	0	0	0	0	0	0	0	0	0	0	0	0	0	0	0	0	0	0	0	0.00490196078431373	0	0
12	32949042	C	T	CHB	0	0	0	0	0	0	0	0	0	0	0	0	0.00485436893203883	0	0	0	0	0	0	0	0	0	0	0	0	0
14	23886482	G	C	GIH	0	0	0	0	0	0	0	0	0	0	0	0	0	0	0	0	0	0	0	0	0	0	0.00485436893203883	0	0	0
18	29101207	G	C	GIH	0	0	0	0	0	0	0	0	0	0	0	0	0	0	0	0	0	0	0	0	0	0	0.00485436893203883	0	0	0
18	29116222	A	C	CHB	0	0	0	0	0	0	0	0	0	0	0	0	0.00485436893203883	0	0.00480769230769231	0	0	0	0	0	0	0	0	0	0	0
3	38598739	C	A	CHB	0	0	0	0	0	0	0	0	0	0	0	0	0.00485436893203883	0	0	0	0	0	0	0	0	0	0	0	0	0
11	47357547	G	A	PUR	0	0	0	0	0	0	0	0	0	0	0.00480769230769231	0	0	0	0	0	0	0	0	0	0	0	0	0	0	0
12	32974373	A	G	PUR	0	0	0	0	0	0	0	0	0	0	0.00480769230769231	0	0	0	0	0	0	0	0	0	0	0	0	0	0	0
2	21229068	G	A	PUR	0	0	0	0	0	0	0	0	0	0	0.00480769230769231	0	0	0	0	0	0	0	0	0	0	0	0	0	0	0
3	14172430	A	G	JPT	0	0	0	0	0	0	0	0	0	0	0	0	0	0	0.00480769230769231	0	0	0	0	0	0	0	0	0	0	0
19	11221390	G	A	CHS	0	0	0	0	0	0	0	0	0	0	0	0	0	0.00476190476190476	0	0	0	0	0	0	0	0	0	0	0	0
11	47355233	C	G	TSI	0	0	0	0	0	0	0	0	0	0	0	0	0	0	0	0	0	0	0	0	0.00467289719626168	0	0	0	0	0
18	28666646	G	A	TSI	0	0	0	0	0	0	0	0	0	0	0	0	0	0	0	0	0	0	0	0	0.00467289719626168	0	0	0	0	0
19	11227549	C	T	IBS	0	0	0	0	0	0	0	0	0	0	0	0	0	0	0	0	0	0	0	0.00467289719626168	0.00467289719626168	0	0	0	0	0
3	38603958	G	A	TSI	0	0	0	0	0	0	0	0	0	0	0	0	0	0	0	0	0	0	0	0	0.00467289719626168	0	0	0	0	0
3	38671911	C	T	IBS	0	0	0	0	0	0	0	0	0	0	0	0	0	0	0	0	0	0	0	0.00467289719626168	0	0	0	0	0	0
19	11218189	C	G	YRI	0	0	0	0	0	0	0.00462962962962963	0	0	0	0	0	0	0	0	0	0	0	0	0	0	0	0	0	0	0
19	11221456	C	T	YRI	0	0	0	0	0	0	0.00462962962962963	0	0	0	0	0	0	0	0	0	0	0	0	0	0	0	0	0	0	0
3	38639380	G	A	YRI	0	0	0	0	0	0	0.00462962962962963	0	0	0	0	0	0	0	0	0	0	0	0	0	0	0	0	0	0	0
19	11223984	G	A	GWD	0	0	0	0.00442477876106195	0	0	0	0	0	0	0	0	0	0	0	0	0	0	0	0	0	0	0	0	0	0
