Chrom	Position	Ref	Alt	Max_Pop	AFR	AMR	ASJ	EAS	FIN	NFE	SAS	OTH
19	11222300	G	A	AFR	0.182629734690472	0.0258049517610136	0.0219107777339124	5.30503978779841e-05	0.0438336966677048	0.0487145004350922	0.00484112028071999	0.0438080495356037
3	38620907	G	T	AFR	0.0807724957555178	0.0041994750656168	9.94826900119379e-05	0	0	0.000327737809752198	3.27310814349306e-05	0.00407013149655604
3	38616876	C	T	EAS	0.000174428745857317	0.000327244600464092	0	0.0612000435587499	0.000835920706950084	0.00124201271428805	0.000711382113821138	0.0031675641431739
19	11231203	G	A	ASJ	0.00262587529176392	0.00392396232996163	0.030744974379188	5.30222693531283e-05	0.00125709651257097	0.0105301437222319	0.00139701104613385	0.00775434243176179
19	11221324	G	A	AFR	0.025903061650121	0.00125	0	0	0	3.95638481381253e-05	0	0.000929368029739777
19	11240278	G	A	ASJ	0	0.00107495642068565	0.0166469661150512	0	0	0.000284108845255382	0	0.00139189607175998
19	11221357	G	A	AFR	0.0138031693077565	0.000319748851810941	0	0	0	7.91414732976669e-06	0	0
11	47371592	G	A	AMR	0	0.00991554818277786	0	0.000302617642608564	0	0.000119938591441182	0.000212116069913457	0.000971628449280995
1	55524222	C	T	AFR	0.00919836843419629	0.000203370133643231	0	0	0	4.73843821076573e-05	0.000162432590474953	0.00015470297029703
18	29115328	A	G	SAS	4.22261633307998e-05	0	0	0.000159151193633952	0	0	0.00900959717960436	0.00077639751552795
19	11222182	T	C	AFR	0.00855806963346414	0.00319618781961878	0.00285826926867731	0.00121938288622628	0.00136070290024104	0.00763624290525051	0.00367097654473394	0.00681114551083591
14	23902865	G	A	EAS	4.16319733555371e-05	5.81057524694945e-05	0.000591016548463357	0.0068362480127186	0	3.94807491866966e-05	0.000129946072379962	0.00015460729746444
12	111356964	C	T	ASJ	0	5.81158830708433e-05	0.00532439361072767	0	3.87837418554142e-05	0.000221032854955083	6.4998375040624e-05	0.00108292079207921
6	7542236	G	A	SAS	0.000150075037518759	0.000989846094897503	0.000653167864141084	0	0.00018279864729001	0.00177197344976798	0.00437815375482339	0.00161406025824964
19	11230809	C	T	AMR	0	0.00415456130156886	0	0	0	0	0	0.000309214594928881
3	38655278	G	A	FIN	0.000170270730461434	0.000147145379635079	0	0	0.00411152008771243	0.000634476998200977	0	0.000471105527638191
3	38647444	C	T	SAS	0	2.95246530853262e-05	0.00351063829787234	5.32992218313613e-05	0	7.29855975087583e-05	0.00374583795782464	0.000634115409004439
11	47367848	C	T	EAS	0	0	0	0.00345560871876661	0	7.95443698495021e-06	0	0
18	29099850	G	A	NFE	0.000499708503373032	0.00188854669068511	0.000197083169097359	0.000212044105173876	0.000465260545905707	0.00311137785078021	0.000292378662854915	0.00154846701765252
3	38592356	A	G	AFR	0.00303812219077743	2.90528762347472e-05	0	0	0	0	9.74595542849717e-05	0.00015470297029703
6	7575014	C	T	ASJ	0	0	0.00295566502463054	5.29941706412295e-05	3.87747188832881e-05	0.000276277983012851	9.74595542849717e-05	0.000618811881188119
1	55523779	C	A	AFR	0.0028323892035988	2.90562529056253e-05	0	0	0	0	0	0
14	23898249	G	A	EAS	0	2.90528762347472e-05	0	0.00280898876404494	0	5.524425854313e-05	9.74595542849717e-05	0
11	47359047	C	T	NFE	0.000374843815077051	0.000290579415354216	0	0	0.00228895096213532	0.00248799443952989	6.49772579597141e-05	0.00185816042118303
19	11233940	G	A	ASJ	0.000166569501124344	0.000319618781961878	0.00236546422235364	5.3011026293469e-05	7.7555452148286e-05	0.00110577530645773	0.00113702813332467	0.00123762376237624
19	11215926	G	A	EAS	0	2.90562529056253e-05	0	0.0023349607302059	0	1.58343097824366e-05	3.2488628979857e-05	0
1	156108510	C	T	NFE	0.000590567788745465	0.000290697674418605	0	0	0.000310993624630695	0.00195898967516097	0.0015275611024441	0.000467581047381546
3	38592408	C	T	SAS	0	5.81057524694945e-05	0	0	0	7.89340742611771e-05	0.00181924501331947	0.000309405940594059
3	38592152	G	A	AFR	0.00178942987931752	5.81057524694945e-05	9.85027580772262e-05	0	0	2.36761108041986e-05	0	0
3	38674719	C	T	AMR	0.000208402800933645	0.0015693112467306	0	0.000159033078880407	0	2.36944365462989e-05	0	0.000309981401115933
1	55518374	C	T	OTH	0.000251614526545333	0.00130791141080044	0	0	0.00042708495107936	0.000901893177537273	9.74722204171811e-05	0.00155134967421657
14	23892910	A	G	NFE	0.000333028057613854	0.000232423009877978	0	0	0.000581620783249321	0.00151507977841958	0.000617243843804821	0.000773275595422209
11	47363546	C	T	ASJ	5.51267916207277e-05	0.00011706860220089	0.00146660649819495	7.74833410816674e-05	0	0	0	0.000378644452858766
11	47364209	T	C	AFR	0.00141607663473553	0	0	0	0	0	0	0
6	7583050	G	A	SAS	8.32500832500833e-05	0.000174327386832471	0	0	0	3.94601846736643e-05	0.00139692027808459	0
3	14172328	G	A	ASJ	8.32500832500833e-05	2.9096834264432e-05	0.0013809429867824	0	7.75614674629644e-05	4.74068455484972e-05	0	0
19	11227576	C	T	EAS	0	0	0	0.00127199491202035	0	0	0.000162432590474953	0
14	23894554	C	T	SAS	4.16077223932762e-05	2.90528762347472e-05	9.85027580772262e-05	0.000158982511923688	0	3.15716360421797e-05	0.00126697420570463	0.000154655119084442
6	7583814	G	C	AFR	0.00124947938359017	0	0	0	0	0	0	0
18	29104840	A	G	OTH	0.00020819453697535	0.000435843793584379	0	0	0.00112437965260546	0.00066344422329637	0	0.00123915737298637
2	21229161	G	A	EAS	0	0	0	0.00116723259762309	0	5.55432126194179e-05	0.000357491062723432	0
11	47365119	G	C	OTH	0	0.00035880875493362	0	0	0	0	0	0.00110456553755523
14	23886482	G	C	SAS	0	0	0	0	0	0	0.00110454161522968	0
3	38592093	C	T	ASJ	0	8.71636934162357e-05	0.00108353033884949	0	0	1.57858180210899e-05	0	0.000154798761609907
19	11217303	C	T	AFR	0.00104010650690631	0.000174327386832471	0	5.29941706412295e-05	0	9.46865087506115e-05	0.000162443144899285	0.000309214594928881
12	111350928	G	A	FIN	4.16042602762523e-05	0	0	0	0.00100806451612903	7.89178780560948e-06	3.24865180949906e-05	0.00015460729746444
12	33031266	C	T	ASJ	0	2.90596303615018e-05	0.000985804416403785	0.000105999576001696	3.97551085314463e-05	5.5363978613686e-05	0	0
12	111351095	A	C	SAS	0	0	0	0	0	0	0.000942109024754727	0
19	11210979	G	T	NFE	0.000124885521605195	0.000552036724969493	0	0	0.000117242457401907	0.000939448961869424	0	0.00015460729746444
18	29116333	T	G	EAS	0	0	0	0.000848086504823492	0	0	0	0
19	11213417	G	A	EAS	0	0	0	0.000847996608013568	0	0	3.24865180949906e-05	0
14	23893148	C	G	NFE	0	5.81057524694945e-05	0	0	0	0.000820655261662774	0.000389838217139887	0
11	47363612	G	A	ASJ	0	0	0.000816659861167824	0	0	2.71154576185397e-05	6.56254101588135e-05	0
7	150648023	T	C	ASJ	0	0	0.000812182741116751	0	0	0	0	0.000182348650619985
6	7585459	C	G	EAS	0	0	0	0.00079499682001272	0	0	0	0.00015470297029703
11	2608860	C	T	ASJ	0	5.81057524694945e-05	0.000788022064617809	0	0	0.000307872051533045	6.49772579597141e-05	0
11	47359273	G	A	SAS	0	3.80865326020719e-05	0	0	0	7.19165767709457e-05	0.000786879814462023	0.000194476857253987
3	38640439	C	A	EAS	0	0	0	0.000742233061181211	0	0	0	0
7	150648826	A	G	FIN	0	0	0	0	0.000737291424136593	7.90726361235431e-06	0	0
11	47372978	C	T	EAS	0	6.02918123718799e-05	0	0.000708549834671705	0	1.84576765476762e-05	0	0
11	47355161	G	A	EAS	0	0	0	0.000696298015550656	0	8.95768390125049e-06	3.24865180949906e-05	0.000184433788270011
3	14172430	A	G	EAS	0	0	0	0.000696298015550656	0	5.42456241863156e-05	0	0
11	47354163	G	A	AMR	0	0.000685176358436606	0	0	0	8.96057347670251e-06	3.2488628979857e-05	0
14	23891476	C	T	FIN	4.16111850865513e-05	0	0	0	0.00065906800031015	0	0	0
3	38592012	C	T	EAS	0	0	0	0.000641094133988674	0	3.19177797992372e-05	0.000359924088737648	0
7	150654573	G	A	AMR	0	0.000639683647359851	0.000197277569540343	0.000159168081494058	0	1.58584160614038e-05	0	0
11	47374186	C	G	NFE	0.000351031154014919	6.40327847858103e-05	0	0	0	0.00062413661102142	0	0
11	2594115	A	G	FIN	8.34863917181499e-05	0	0	0	0.000621262716471228	0.000237394359510018	0	0.000155038759689922
6	7576580	A	G	OTH	0	0.000290562529056253	9.85415845486795e-05	0	0	6.32091273979963e-05	0.00058475732570983	0.000619578686493185
19	11230798	G	A	NFE	0	0	0.000197005516154452	0	0.000232666356444858	0.000599690685856769	0	0.000309214594928881
11	47371575	C	G	OTH	0	0.000114880906793291	0	0	0	3.67170097667246e-05	0.00034126780991383	0.000588466065123578
14	23889229	T	A	EAS	0	0	0	0.000586166471277843	0	0	0	0
3	38622757	G	A	EAS	0	2.99904030710173e-05	0	0.000583566760037348	0	9.06059727457234e-06	0.000131449227735787	0
2	21229160	C	T	NFE	0.000124927125843258	2.90731480404698e-05	0	0	3.8777726074143e-05	0.000579107698165894	0	0.000154894671623296
2	21229068	G	A	NFE	0.000541260721125822	0.000174641983932937	0.000493096646942801	5.30335171828596e-05	0	0.000562313882024964	0	0.000310077519379845
3	46902303	G	T	SAS	0	2.90528762347472e-05	0.000394011032308905	0.00052999788000848	0	8.68453048270199e-05	0.00055227080761484	0.000154655119084442
19	11238747	T	C	AMR	4.16250416250416e-05	0.000552004648460198	0	0	0.000193903668657411	1.57848213158227e-05	0	0
11	2799239	G	A	FIN	0	0	0	0	0.00054755944931164	0	0	0
6	7556058	G	A	NFE	0.000167280026764804	0.000116475452798323	0	0	3.92064612248098e-05	0.000539828207611578	6.52400835073069e-05	0
14	23886504	C	A	NFE	0.000124864729875968	0.000203393770339377	9.86387847701716e-05	0	0	0.000521714385088454	0	0.000309310238168883
19	11233951	G	A	SAS	0	0	0	5.30222693531283e-05	0	3.94944707740916e-05	0.000519784289519849	0
6	7580954	C	T	ASJ	0	0	0.000511665984445354	0	0	0	0	0
19	11210996	C	G	AFR	0.000499750124937531	5.81158830708433e-05	0	0	0	0	0	0
19	11221366	C	T	SAS	0	0	0	0	0	0	0.00048739277358981	0
3	38645249	C	T	NFE	0.00017080877957127	0.000112561909049977	0	0	0	0.000471004936131731	5.59471858565514e-05	0.000396039603960396
12	32974373	A	G	AFR	0.000457799234226735	2.90613193839e-05	0	0	0	0	0	0
14	23899800	A	G	AMR	0	0.000446694460988684	0	0	0	8.95784438432736e-06	0	0
19	11221456	C	T	EAS	4.16354400866017e-05	0	0	0.000424133177817835	0	0	0	0
14	23888731	C	T	AMR	0	0.0004067639026091	0	0	0	7.89191236820506e-06	0	0
3	46899903	T	C	ASJ	6.53509345183636e-05	5.95592614651578e-05	0.000406173842404549	0	0	8.96314355370716e-06	0.000162432590474953	0.000364963503649635
3	38598739	C	A	EAS	0	0	0	0.000405844155844156	0	0	0	0
11	47364285	C	T	NFE	8.32639467110741e-05	0	0	0	0.000271612602824771	0.000379242778585424	0.000227523890008451	0
12	111353547	G	T	NFE	0.000124833555259654	0	0	0	0.000155086848635236	0.000378967314069162	0	0
11	2608872	C	T	AMR	4.163890739507e-05	0.000377687391051714	0	0	0	2.36847091517716e-05	6.49730361899812e-05	0.00015460729746444
14	23895007	G	A	AMR	0.00016648630650129	0.000377687391051714	0	0.000105999576001696	0	0.000118655866346032	0.000194919108569943	0
19	11218157	C	T	AFR	0.000374812593703148	0	0	0	0	1.57950435153449e-05	0	0
19	11231154	C	T	AFR	0.000374500665778961	2.90528762347472e-05	0	0	0	0	3.24865180949906e-05	0
6	7581384	T	C	OTH	0	0	0	0	0	4.49018445677748e-05	0	0.000365898280278083
19	11224381	C	T	OTH	0	2.97778571853969e-05	0	0	0	8.95239118368516e-06	0	0.000364697301239971
3	38639416	C	T	SAS	0.000326925591735321	8.93548579257759e-05	0	0.00011595547309833	0	3.59498858591124e-05	0.000357584032247578	0
1	156108298	C	T	AMR	4.36414419132408e-05	0.000349997083357639	0.000302846759539673	0.000160239290674073	0	0.000117637173346778	9.80264017775454e-05	0.000158730158730159
3	38639380	G	A	AMR	4.16077223932762e-05	0.000348654773664943	0	0	0	0.000102620776760341	0	0
18	29122786	G	A	AFR	0.00034367213678151	0.00011484572391088	0	0	0	1.7373477649021e-05	0	0
11	47357547	G	A	AMR	0	0.00034126780991383	0	0	0	3.64493475566787e-05	0	0.000266098988823842
12	111350901	T	G	NFE	0.000166597251145356	0.000203393770339377	0	0	0	0.000331533579615421	0	0.00015470297029703
11	47356625	G	A	OTH	4.30663221360896e-05	0.000124525247493929	0	0	0	0.000282401408684674	0	0.000327225130890052
1	55505604	G	A	EAS	0	0	0	0.000324201653428432	0	0	4.10407945497825e-05	0
7	150644817	G	A	SAS	0	0	0	0	0	1.51874126723771e-05	0.000323362974939369	0
11	47353674	C	T	AMR	0	0.000319637356889638	0	0	0	7.114961974481e-05	0	0
11	47354740	C	G	AFR	0.000314889788573999	0	0	0	0	0	0	0
14	23889143	C	T	OTH	4.17955362367299e-05	0.000145323490088938	0	0	0	3.17133116625704e-05	0	0.000310269934843314
3	38622493	C	T	OTH	4.1649312786339e-05	0.000261536673253516	0	0	0	0.000126626357276267	0	0.000310173697270471
18	29126389	G	A	OTH	0.000124833555259654	0	0	5.30222693531283e-05	0	0.000126402275240954	0	0.000309789343246592
19	11227549	C	T	OTH	0	0	0	0	3.8777726074143e-05	4.73469903096493e-05	0	0.000309310238168883
18	29116219	A	G	AFR	0.00029147235176549	8.71788910845054e-05	0	0	0	4.74068455484972e-05	0	0
3	38592386	C	T	AFR	0.000291399550412122	0	0	0.000105988341282459	0	1.57858180210899e-05	0	0.000154846701765252
18	29116222	A	C	EAS	0	0	0	0.000289989560375826	0	0	0	0
3	46902303	G	C	EAS	6.53423941453215e-05	0	0	0.000289888682745826	0	0.000107430617726052	0	0
3	38603958	G	A	NFE	8.36610056052874e-05	8.74329680578223e-05	0	0	0	0.000277522281074566	6.55265054714632e-05	0
3	38601813	G	A	FIN	0.000249646334359657	2.90528762347472e-05	0	0	0.000271380941304179	3.15676494728203e-05	0	0
3	38597155	G	A	AMR	0	0.000268240343347639	0	0	0	1.79166517361236e-05	0	0.000182481751824818
11	2594193	G	A	AMR	0	0.000268112488083889	0.000101791530944625	0	0	1.79878761714604e-05	0	0
1	156107547	C	A	OTH	0	0	0	9.68992248062015e-05	0	5.50176056338028e-05	0	0.000266240681576145
14	23884437	T	C	EAS	0.000208055925432756	5.81057524694945e-05	0	0.000264970853206147	0	0	0	0
3	38591829	G	A	OTH	0	0.000163679515508634	0	0	0	3.44249879512542e-05	0	0.000262743037309511
11	47359343	C	T	OTH	0.000139198218262806	0.000125365649811952	0	0	0	1.855769587648e-05	0	0.000261917234154007
1	55524303	C	T	SAS	0	0	0	0	0	3.20996372740988e-05	0.000260756192959583	0
19	11221336	G	A	SAS	4.16597233794368e-05	0	0	0	0	3.95319418089817e-05	0.000259942812581232	0
19	11221354	G	A	AFR	0.000250187640730548	0	0	0	0	0	3.24970752632263e-05	0
19	11227645	G	T	NFE	4.16319733555371e-05	0	0	0	0	0.000236805961195397	0	0
19	11227613	G	A	FIN	0	0	0	5.29941706412295e-05	0.000232648313299729	1.57850704803397e-05	3.24865180949906e-05	0.000154655119084442
3	38645498	A	C	EAS	0	0	0	0.000232585184323759	0	0	0	0
19	11231108	G	A	EAS	0	0	0	0.00023191094619666	0	0	0	0
3	38592170	C	T	SAS	4.16146483562214e-05	2.90528762347472e-05	0	0	0	2.36753634168284e-05	0.000227405626664934	0
7	150644816	C	T	AMR	0	0.000225090036014406	0	0	0	1.24072557631703e-05	0	0.00019952114924182
11	47371450	G	A	EAS	0.00013641324117861	9.03287968204264e-05	0	0.000220215811495265	0	5.88433086751849e-05	0	0
19	11211025	A	T	EAS	4.17014178482068e-05	0	0	0.000212066588908917	0	0	0	0
19	11213441	G	A	EAS	0	0	9.85027580772262e-05	0.000211976682564918	0	3.15691443183432e-05	0	0
11	47371339	C	T	AFR	0.000211882362912111	0	0	0	0	1.59385409859581e-05	6.56555708751888e-05	0
19	11223968	C	G	AFR	0.000208263912029324	0	0	0	0	7.91176796366916e-06	0	0
12	32977097	C	G	AFR	0.00020819453697535	0	0	0	0	0	0	0
3	14183242	C	G	AMR	4.16111850865513e-05	0.00020338195130455	0	0	0	4.73664266767715e-05	0	0.00015470297029703
12	32994037	C	T	ASJ	0	0	0.000203086921202275	0	0	8.95928899082569e-06	0	0
14	23897796	C	A	ASJ	0	0	0.000203045685279188	0	0	0	0	0
1	156085059	A	G	SAS	0	8.882572392965e-05	0	0	0	5.02596749874351e-05	0.000199295821430944	0.000161550888529887
19	11216264	G	C	AFR	0.000198859870078218	0	0	0	0	0	3.25245560398101e-05	0
6	7578119	G	A	AFR	0.000196052803555091	2.97831784608053e-05	0	0	0	0	0	0
14	23892761	C	T	AFR	0.000196027182435964	0	0	0	0	0	0	0
3	46902279	G	C	AFR	0.000196027182435964	0	0	0	0	0	0	0
19	11224443	G	A	SAS	0	0	0	0	0	1.79617056435679e-05	0.000195109261186264	0
19	11218112	G	A	SAS	0.000124854336607291	2.90528762347472e-05	0	0	3.87897595034911e-05	0	0.000194919108569943	0
1	156106995	G	A	AMR	0	0.00019363583553863	0	5.94954783436459e-05	0	1.79266084649445e-05	0	0.000169376693766938
14	23889202	C	T	OTH	0	0	0	0	0	9.68091697645601e-06	0	0.00019208605455244
11	2790111	C	T	NFE	0	8.93335715561908e-05	0	0	4.48430493273543e-05	0.000188033881914722	3.2488628979857e-05	0
11	47364832	C	T	SAS	0	0	0	0	0	1.07986696039048e-05	0.000185856333054549	0
11	47364162	C	T	OTH	0	0	0	5.80585229911751e-05	0	4.53300937426339e-05	0	0.000183958793230316
11	2594209	G	T	OTH	0	0	0	0	0	0	0	0.000183553597650514
14	23886078	T	G	OTH	0	0	0	0	0	0	0	0.000182949140139041
19	11223944	G	A	OTH	0	0	0	5.80517821897132e-05	4.48551179689603e-05	2.70221581696992e-05	3.25013000520021e-05	0.000182949140139041
11	47367764	T	C	OTH	0	0	0	0	0	8.96442914515204e-06	0	0.000182882223847842
2	21233487	G	A	OTH	0	0	0	0	0	3.58686490073351e-05	0	0.000182681768359518
19	11215991	G	A	OTH	0	0	0	0	0	8.96201896363213e-06	3.24865180949906e-05	0.000182615047479912
11	47359115	C	T	OTH	0	0	0	0	0	9.84921743490563e-05	0	0.00018254837531946
3	38651314	C	T	OTH	0	0	0	5.79777365491651e-05	0	1.79060647841424e-05	0	0.00018254837531946
12	33021968	G	A	OTH	0	0	0	5.79777365491651e-05	4.52406804198335e-05	0	0	0.000182415176942722
14	23902913	C	G	OTH	0	0	0	0	0	4.48486805518182e-05	0	0.000182348650619985
3	38592978	G	A	OTH	0	0	0	0	0	8.95255147717099e-06	0	0.000182348650619985
12	111356937	C	T	OTH	0	5.95557143707939e-05	0	0	0	1.79022180848207e-05	0	0.0001822821728035
14	23886133	G	A	OTH	6.53509345183636e-05	0	0	0	0	1.79140840528824e-05	0	0.0001822821728035
14	23894525	C	T	OTH	6.53423941453215e-05	5.95557143707939e-05	0	0	0	8.95223089593927e-06	0	0.0001822821728035
15	35085619	T	C	OTH	0	0	0	0	0	0	0	0.0001822821728035
19	11217328	G	T	OTH	0	0	0	0	0	1.79022180848207e-05	0	0.0001822821728035
19	11222226	A	G	OTH	0	0	0	0	0	4.47795948342259e-05	0	0.0001822821728035
19	11224354	C	T	OTH	0	0	0	5.79777365491651e-05	0	0	0	0.0001822821728035
19	11230777	T	C	OTH	0	0	0	0	0	0	3.24865180949906e-05	0.0001822821728035
19	11222214	A	C	NFE	0	0	0	0	0	0.00018162865626382	0	0
11	47355117	G	A	FIN	0	0	0	0	0.000180962721679334	0	0	0.000156641604010025
19	11227550	G	T	FIN	0	0	0	0	0.000179436569172797	0	0	0
1	156106048	C	T	AMR	8.34515563715263e-05	0.000174418604651163	0	0	0	8.71190521447127e-05	0	0.000155231294628997
19	55665463	G	A	EAS	0	2.97814044910358e-05	0	0.000173953380494028	0	2.68793118896156e-05	9.74595542849717e-05	0
19	11226874	A	G	EAS	6.53423941453215e-05	0	0	0.000173933209647495	0	0	9.74595542849717e-05	0
3	38671911	C	T	EAS	0	0	0	0.000173933209647495	0	1.790670606142e-05	9.74595542849717e-05	0
3	38640489	G	A	AFR	0.000167280026764804	0	0	0	0	7.95140103686269e-05	0	0
3	38646328	G	C	AFR	0.000166875260742595	0	0	0	0	0	0	0
1	156106982	G	A	OTH	8.72524212546898e-05	3.05810397553517e-05	0	0	0	0.000135000590627584	0	0.000162654521795706
19	11224266	G	T	SAS	4.16215766253226e-05	0	0	0	0	6.32391070638083e-05	0.000162453700695302	0
3	38618259	C	A	OTH	0	0	0	0	3.96196513470681e-05	6.55329466889479e-05	0	0.000159134309357097
3	38647447	G	C	OTH	0	2.94186867498235e-05	0	0	3.93112666090101e-05	8.04906711312159e-05	0	0.000157728706624606
3	38591991	G	A	FIN	4.18935902806871e-05	0.000146515853015296	0	0	0.000156924284032954	8.02078988738811e-06	6.62910175671197e-05	0
3	38622661	C	T	NFE	0	5.88928150765607e-05	0	0	0	0.000156680355581944	3.29880583228871e-05	0
15	63353098	G	A	FIN	0	0	0	0	0.000155351871990057	7.89265982636148e-06	0	0
11	2591964	G	A	OTH	4.18025248725023e-05	0	0	0	0	6.33562999920805e-05	0	0.00015527950310559
19	55665514	G	A	OTH	0	0	0	0	0	7.89577575996842e-06	3.24865180949906e-05	0.000154990700557967
19	11222232	G	A	OTH	0	5.81125058112506e-05	0	0	0	7.89502771154727e-06	0	0.000154750851129681
3	14183113	C	T	OTH	4.16111850865513e-05	0	0	5.2999788000848e-05	3.88018004035387e-05	0	3.24865180949906e-05	0.00015470297029703
3	38592527	G	A	OTH	4.1642375281086e-05	2.90528762347472e-05	0	0	0	5.52468746053795e-05	6.49730361899812e-05	0.00015470297029703
14	23884630	C	T	OTH	0	0	0	0	3.8768705900597e-05	8.68041855400009e-05	0	0.000154655119084442
14	23896982	C	T	OTH	0	0	0	0	0	2.36746160766426e-05	3.24865180949906e-05	0.00015460729746444
19	11221414	G	A	OTH	0	0	0	5.30166472272294e-05	0	3.95007110127982e-05	0	0.00015460729746444
19	11215925	C	T	AMR	0	0.000148907022455179	0	5.80585229911751e-05	0	8.98601775637109e-06	0	0
11	47360200	C	T	AMR	8.35980605249958e-05	0.000145534986610781	0	0	0	9.52365835462929e-05	0	0
11	47354526	T	G	AFR	0.000142207053469852	0	0	0	0	0	0	0
14	23884434	C	T	NFE	4.16042602762523e-05	2.90528762347472e-05	0	0.000105988341282459	0	0.000134160392695361	0	0
11	47357547	G	T	NFE	0	0	0	0	4.5533193698206e-05	0.000133623879615163	0	0
19	11222295	C	T	AFR	0.000130992926381975	0	0.000101688021151108	0	0	1.79401158931487e-05	0	0
19	11227550	G	A	AFR	0.000130701869036727	8.93335715561908e-05	0	5.79777365491651e-05	0	8.95175006713813e-06	0	0
19	11210970	G	A	SAS	0	0	0	0	0	0	0.000129954515919428	0
19	55665519	G	T	SAS	0	0	0	0	0	5.37191562511192e-05	0.000129954515919428	0
14	23884341	C	T	SAS	6.53423941453215e-05	0	0	0	0	3.58057181731923e-05	0.000129946072379962	0
19	11224005	C	T	SAS	0	0	0	0	0	4.48197350257265e-05	0.000129946072379962	0
3	38607956	C	T	SAS	0	2.90528762347472e-05	0	5.2999788000848e-05	0	1.5783575611219e-05	0.000129946072379962	0
11	47354752	T	G	NFE	0	0	0	0	0	0.000129256859230663	0	0
19	11218160	G	A	AFR	0.000124937531234383	0	0	0	0	0	0	0
18	29102115	A	G	AFR	0.00012491672218521	2.90630086026505e-05	0	0	0	7.90039185943623e-06	0	0
19	11231112	C	T	AFR	0.000124812780828757	0	0	0	0	4.73724103082365e-05	0	0
11	47363542	C	T	AMR	0	0.000122809890289831	0	0	0	0	8.5426277122843e-05	0
11	47354203	G	C	AMR	0	0.000119331742243437	0	0	0	0	0	0
14	23897001	C	T	AMR	0	0.000119111428741588	0	0	0	1.79028590865961e-05	3.24865180949906e-05	0
3	38651267	C	T	AMR	0	0.000119111428741588	0	5.79844601646759e-05	0	8.9877945749672e-06	0	0
1	156105731	T	A	NFE	4.19322375041932e-05	0	0	0	0	0.000118909834636057	0	0
19	11227604	G	A	NFE	0	2.90528762347472e-05	0	0	0	0.000118380554020993	0	0
11	47355293	C	T	AMR	0	0.000118371212121212	0	5.31067445565587e-05	0	9.03297858362896e-05	3.50655726208009e-05	0
19	11216244	A	G	NFE	0	0	0	0	0	0.000116978008134471	0	0
11	47360215	C	T	EAS	6.68538574675759e-05	2.99419126893826e-05	0	0.000116672500291681	0	9.09603594753407e-06	9.85545335085414e-05	0
19	11216264	G	A	EAS	0	2.98027060857126e-05	0	0.000116441546343735	0	9.05419843181283e-06	0	0
19	11216246	T	C	EAS	0	0	0	0.000116211504938989	0	0	0	0
12	111348980	C	G	EAS	0	0	0	0.00011602274045713	0	8.25022000586682e-05	0	0
19	11224008	T	G	EAS	0	0	0	0.000115982370679657	0	0	0	0
19	11216105	G	A	EAS	0	0	0	0.000115968920329352	0	0	0	0
19	11217357	G	A	EAS	0	0	0	0.000115968920329352	0	8.95223089593927e-06	6.49730361899812e-05	0
19	11224284	G	A	EAS	6.53851183470642e-05	0	0	0.000115968920329352	0	1.79307871615564e-05	0	0
19	55665513	C	T	EAS	0	5.95628089820716e-05	0	0.000115968920329352	0	0	0	0
14	23901923	G	A	EAS	0	0	0	0.00011595547309833	0	3.5810205908684e-05	3.24865180949906e-05	0
19	11213381	C	T	EAS	0	0	0	0.00011595547309833	0	2.68528464017186e-05	6.49730361899812e-05	0
19	11224326	G	A	EAS	0	0	0	0.00011595547309833	0	3.58146947692638e-05	0	0
18	29101207	G	C	SAS	0	0	0	0	0	9.34404784152495e-06	0.000107596298687325	0
11	47364282	C	T	NFE	0	0	0	0	0	0.000107501836489707	6.4989926561383e-05	0
1	156108488	C	T	EAS	4.212299915754e-05	0	0	0.000106303816307005	0	0	0	0
19	11221373	G	A	EAS	0	5.81226387678001e-05	0	0.000106067034365719	0	2.37142902312934e-05	0	0
11	47359010	C	T	EAS	8.32847505621721e-05	0	0	0.000106010813102936	0	0	0	0
3	38647498	C	T	EAS	0	0	0	0.000105999576001696	0	8.69317822595941e-05	6.51126448756348e-05	0
14	23894072	G	A	EAS	4.1642375281086e-05	2.90528762347472e-05	0	0.000105988341282459	0	3.15751251164333e-05	0	0
11	47364249	G	A	NFE	4.16285072017317e-05	0	0	0	0	0.000102604577742699	3.24865180949906e-05	0
11	47367845	G	A	ASJ	0	0	0.000102040816326531	0	0	3.60633272025677e-05	6.52613717940351e-05	0
11	47355107	C	T	ASJ	0	0	0.000101750101750102	0	0	0	0	0
6	7568012	A	G	ASJ	0	0	0.000101584721657863	0	0	0	0	0
14	23884233	C	T	ASJ	0	0	0.000101543460601137	0	0	0	0	0
18	28666646	G	A	ASJ	6.5359477124183e-05	0	0.000101543460601137	0	0	6.27049106902915e-05	6.4985703145308e-05	0
14	23893328	G	A	ASJ	0	0	0.000101522842639594	0	0	0	0	0
14	23894049	G	A	ASJ	0	0	0.000101522842639594	5.79777365491651e-05	0	1.79076680634648e-05	3.24865180949906e-05	0
11	47354482	C	T	ASJ	0	2.96753516529171e-05	0.000100120144173008	0	0	3.23138319357601e-05	0	0
19	11223983	C	T	ASJ	8.32986255726781e-05	0	9.86387847701716e-05	5.30278926715452e-05	0	0	3.2488628979857e-05	0
1	156104602	C	T	ASJ	0	0	9.85027580772262e-05	0	0	0	3.24865180949906e-05	0
19	11230758	G	T	ASJ	8.32223701731025e-05	5.81057524694945e-05	9.85027580772262e-05	0	0	5.52320535277502e-05	0	0
19	11230820	G	A	ASJ	0	0	9.85027580772262e-05	0	0	2.36738687836366e-05	6.49730361899812e-05	0
19	11230828	G	A	ASJ	0	0	9.85027580772262e-05	0	0	1.57818319550533e-05	0	0
3	38592387	G	A	ASJ	0	0	9.85027580772262e-05	0	0	3.15681477389314e-05	0	0
19	11213382	G	A	NFE	6.53423941453215e-05	0	0	0	0	9.84621994665139e-05	0	0
19	11221449	T	G	SAS	0	0	0	0	0	0	9.74722204171811e-05	0
14	23900999	G	A	SAS	4.16181122024305e-05	0	0	5.29941706412295e-05	0	7.89203693473285e-06	9.74595542849717e-05	0
19	11217255	C	T	SAS	0	0	0	0	0	8.95110904241035e-06	9.74595542849717e-05	0
19	11224013	C	T	SAS	0	2.97849526419253e-05	0	5.79979120751653e-05	0	8.96523282709652e-06	9.74595542849717e-05	0
19	11227603	G	A	SAS	0	0	0	0	0	8.9515898023489e-06	9.74595542849717e-05	0
3	38608045	C	T	SAS	4.16215766253226e-05	2.90545644720786e-05	0	0	0	1.57833264938919e-05	9.74595542849717e-05	0
3	38608049	C	T	SAS	0	0	0	0	0	0	9.74595542849717e-05	0
12	111352091	C	T	FIN	0	0	0	0	8.96941429724639e-05	0	0	0
19	11224102	C	A	FIN	0	0	0	0	8.96860986547085e-05	1.79272512145713e-05	0	0
11	47360071	C	T	AMR	0	8.93335715561908e-05	0	0	0	8.96009175133953e-06	0	0
14	23888475	C	T	AMR	0	8.93335715561908e-05	0	0	0	0	0	0
3	38592734	G	A	AMR	0	8.93335715561908e-05	0	0	0	8.95126928998532e-06	0	0
3	38603913	C	A	AFR	8.72067672451382e-05	0	0	0	0	7.38540316095255e-05	0	0
14	23894555	G	A	AMR	0	8.71636934162357e-05	0	0	0	8.68274816872948e-05	0	0
3	38645441	G	A	AMR	4.16527824058647e-05	8.71636934162357e-05	0	5.29941706412295e-05	0	5.52966269057588e-05	0	0
3	46901019	C	T	AMR	0	8.71586287042417e-05	0	0	0	0	0	0
19	11224296	G	A	NFE	0	0	0	0	0	8.68727393343969e-05	0	0
14	23886782	A	G	NFE	0	0	0	0	0	8.68439335564959e-05	0	0
11	47369975	C	T	AFR	8.56017805170347e-05	0	0	0	0	2.43783520234032e-05	0	0
11	47369407	C	T	EAS	0	3.92649599497409e-05	0	8.53825136612022e-05	0	1.44025809425049e-05	8.4537999830924e-05	0
11	47362758	C	G	FIN	0	0	0	0	8.42743974380583e-05	5.27862333503422e-05	0	0
11	2594209	G	A	AFR	8.37030216790826e-05	5.81902822228688e-05	0	0	0	0	3.2547845332639e-05	0
7	150647399	C	T	AFR	8.36890116327726e-05	0	0	0	0	0	0	0
11	2592563	G	A	AFR	8.34445927903872e-05	0	0	0	0	7.91765637371338e-06	0	0
3	38592678	C	T	AFR	8.33541718763024e-05	0	0	0	0	7.89477839357049e-06	3.24865180949906e-05	0
18	28667744	A	T	AFR	8.3236224404861e-05	0	0	0	0	0	0	0
12	32949042	C	T	AFR	8.32292967124428e-05	0	0	0	0	3.15806095057635e-05	0	0
12	33031151	G	T	AFR	8.32292967124428e-05	0	0	0	0	0	0	0
14	23884305	G	A	AFR	8.32292967124428e-05	0	0	5.29941706412295e-05	0	2.36817177139249e-05	0	0
7	150646032	C	T	AFR	8.32292967124428e-05	0	0	0	0	0	0	0
11	2606494	A	G	NFE	6.53509345183636e-05	0	0	0	0	8.05888357599527e-05	0	0
11	47371375	T	G	NFE	0	0	0	0	0	7.9484937604324e-05	0	0
12	32955491	C	G	NFE	0	0	0	0	0	7.90151551067495e-05	0	0
19	11217344	T	A	NFE	0	0	0	0	0	7.89091597752667e-05	0	0
3	38645238	G	A	NFE	0	0	0	0	0	7.66988801963491e-05	0	0
11	2610027	G	A	NFE	0	0	0	0	0	7.17939513595979e-05	3.25881509483152e-05	0
19	11218108	C	A	NFE	0	0	0	0	0	7.1616564911464e-05	0	0
14	23885349	C	T	NFE	0	5.81057524694945e-05	0	0	0	7.10238482299279e-05	0	0
11	47353433	C	T	AFR	6.90989496959646e-05	0	0	0	0	0	0	0
11	47364125	T	A	AFR	6.74127005527841e-05	0	0	0	0	1.99680511182109e-05	0	0
15	63335092	G	A	AFR	6.73491379310345e-05	0	0	0	0	0	0	0
19	11231084	G	A	AFR	6.59891777748449e-05	0	0	0	4.51182097094387e-05	0	3.24865180949906e-05	0
11	47355103	C	T	AFR	6.57548658600736e-05	0	0	0	0	1.79665462908065e-05	3.2499187520312e-05	0
11	2592593	G	A	AFR	6.55307994757536e-05	0	0	0	0	1.79671919075768e-05	0	0
19	11223984	G	A	AFR	6.54535934022778e-05	0	0	5.79979120751653e-05	0	8.96877074028234e-06	3.24907401390604e-05	0
18	29111130	G	A	AFR	6.54278984559016e-05	0	0	0	4.4847071486232e-05	4.48237530031915e-05	0	0
19	11216172	G	T	AFR	6.5410779696494e-05	0	0	0	0	0	0	0
19	11218189	C	G	AFR	6.5402223675605e-05	0	0	0	0	0	0	0
19	55666113	G	A	AFR	6.53936698927544e-05	0	0	0	0	8.96009175133953e-06	0	0
1	55518037	G	A	AFR	6.53680219636554e-05	2.97778571853969e-05	0	0	0	8.95335303071e-06	3.24865180949906e-05	0
14	23899810	C	T	AFR	6.5359477124183e-05	0	0	0	0	2.68701633705933e-05	0	0
14	23885359	C	T	AFR	6.53423941453215e-05	0	0	5.79777365491651e-05	0	0	0	0
14	23892845	G	C	AFR	6.53423941453215e-05	0	0	0	0	0	0	0
14	23894085	G	A	AFR	6.53423941453215e-05	0	0	0	0	1.79076680634648e-05	0	0
19	11217318	G	T	AFR	6.53423941453215e-05	0	0	0	0	0	0	0
11	47356671	G	A	SAS	0	0	0	0	0	9.01550667147494e-06	6.53039900737935e-05	0
11	47364301	C	T	SAS	0	2.98080362465721e-05	0	5.79911853398283e-05	0	5.39015757227303e-05	6.5180550123843e-05	0
12	33030779	C	T	SAS	0	0	0	0	0	0	6.5167807103291e-05	0
18	28666657	G	A	SAS	0	2.98169240861113e-05	0	0	4.48551179689603e-05	0	6.4985703145308e-05	0
19	11221407	C	G	SAS	0	0	0	0	0	0	6.4985703145308e-05	0
18	29104828	G	A	SAS	0	0	0	0	0	1.79250017925002e-05	6.49772579597141e-05	0
19	11224061	C	G	SAS	0	0	0	0	0	1.79192201555388e-05	6.49772579597141e-05	0
19	11224068	C	T	SAS	0	0	0	0	0	0	6.49772579597141e-05	0
1	156104681	C	T	SAS	0	0	0	0	0	0	6.49730361899812e-05	0
19	11215995	C	G	SAS	0	0	0	0	0	0	6.49730361899812e-05	0
19	11216102	G	T	SAS	0	0	0	0	0	0	6.49730361899812e-05	0
19	11216112	C	T	SAS	0	0	0	5.79844601646759e-05	0	8.95816536773269e-06	6.49730361899812e-05	0
19	11217342	G	A	SAS	0	0	0	5.79777365491651e-05	0	0	6.49730361899812e-05	0
19	11226801	G	A	SAS	0	0	0	0	0	0	6.49730361899812e-05	0
19	11226817	G	A	SAS	0	0	0	0	0	0	6.49730361899812e-05	0
19	55665462	C	T	SAS	0	2.97831784608053e-05	0	5.79844601646759e-05	0	5.37644043800068e-05	6.49730361899812e-05	0
3	38592534	C	T	SAS	0	0	0	5.2999788000848e-05	0	1.57838247364101e-05	6.49730361899812e-05	0
3	38592632	C	A	SAS	0	0	0	0	0	0	6.49730361899812e-05	0
3	38592986	C	T	NFE	4.16285072017317e-05	2.90528762347472e-05	0	0	3.8777726074143e-05	6.31612190115269e-05	0	0
11	2790147	C	T	NFE	0	0	0	0	0	6.27037873087534e-05	0	0
19	11213463	G	A	NFE	0	0	0	0	0	6.26846959792245e-05	0	0
14	23884269	G	A	NFE	0	2.97814044910358e-05	0	0	4.61297167635391e-05	6.26768382221267e-05	0	0
3	38592885	T	C	NFE	0	0	0	0	0	6.265664160401e-05	3.24865180949906e-05	0
11	47373058	T	C	NFE	0	3.05492759821592e-05	0	0	0	6.12155662439878e-05	0	0
11	2610074	T	A	AMR	0	5.96089651883643e-05	0	0	0	0	0	0
11	2594110	G	A	AMR	0	5.9580552907531e-05	0	0	0	0	0	0
19	11224438	G	A	AMR	0	5.95770032767352e-05	0	0	0	0	0	0
19	11224233	G	A	AMR	0	5.95734540688669e-05	0	0	0	0	3.2488628979857e-05	0
18	29121161	C	T	AMR	0	5.95663569216107e-05	0	0	0	3.5880875493362e-05	0	0
19	11221442	G	A	AMR	0	5.95628089820716e-05	0	0	0	0	0	0
14	23883032	C	T	AMR	0	5.95557143707939e-05	0	0	0	8.95239118368516e-06	0	0
14	23900817	G	A	AMR	0	5.95557143707939e-05	0	0	0	0	0	0
19	11216086	C	A	AMR	0	5.95557143707939e-05	0	0	0	0	0	0
19	11216213	C	T	AMR	0	5.95557143707939e-05	0	0	0	0	3.24865180949906e-05	0
19	11238715	G	T	AMR	0	5.95557143707939e-05	0	0	0	0	0	0
3	38592929	G	A	AMR	0	5.95557143707939e-05	0	0	0	2.68528464017186e-05	0	0
14	23889439	C	T	EAS	0	0	0	5.88235294117647e-05	0	9.21421200058971e-06	3.32115576220525e-05	0
11	2593334	C	T	EAS	0	0	0	5.84385226741468e-05	0	0	0	0
7	150645544	G	A	EAS	0	0	0	5.83362501458406e-05	0	9.15197774239013e-06	0	0
19	11216273	T	G	EAS	0	0	0	5.82818510315888e-05	0	0	0	0
3	38648201	G	A	AMR	4.16597233794368e-05	5.81293960355752e-05	0	0	0	0	0	0
19	11224109	C	T	AMR	0	5.81158830708433e-05	0	0	0	0	0	0
14	23898464	C	T	AMR	4.16077223932762e-05	5.81057524694945e-05	0	5.2999788000848e-05	3.8768705900597e-05	7.89253524016985e-06	0	0
1	156106042	C	T	EAS	0	0	0	5.80787547914973e-05	0	1.7995645053897e-05	0	0
3	38640517	C	T	EAS	0	0	0	5.80517821897132e-05	0	1.82322053675613e-05	0	0
6	7556048	C	T	EAS	0	0	0	5.80383052814858e-05	0	0	0	0
11	2594216	G	A	EAS	0	0	0	5.80248346292213e-05	0	0	0	0
11	47355200	C	T	EAS	0	0	0	5.79979120751653e-05	0	8.95880740355844e-06	0	0
19	11223983	C	A	EAS	0	0	0	5.79979120751653e-05	0	0	0	0
19	11231084	G	C	EAS	0	0	0	5.79979120751653e-05	0	0	0	0
19	11224058	G	A	EAS	0	0	0	5.79911853398283e-05	0	0	0	0
6	7580621	C	T	EAS	0	0	0	5.79911853398283e-05	0	0	0	0
11	47364269	C	T	EAS	0	0	0	5.79844601646759e-05	0	3.58166189111748e-05	0	0
14	23888796	C	G	EAS	0	2.97796307325789e-05	0	5.79844601646759e-05	0	0	0	0
19	11231088	G	T	EAS	0	0	0	5.79844601646759e-05	0	0	0	0
11	47359085	C	T	EAS	0	0	0	5.79777365491651e-05	0	2.6863426340485e-05	0	0
14	23885302	G	A	EAS	0	0	0	5.79777365491651e-05	0	0	0	0
14	23895255	G	A	EAS	0	0	0	5.79777365491651e-05	0	3.58198262738426e-05	0	0
14	23900992	T	C	EAS	0	0	0	5.79777365491651e-05	0	0	0	0
19	11218145	G	A	EAS	0	0	0	5.79777365491651e-05	0	0	0	0
19	11230801	G	A	EAS	0	0	0	5.79777365491651e-05	0	0	0	0
19	11230877	T	C	EAS	0	0	0	5.79777365491651e-05	0	0	0	0
3	38595835	C	T	EAS	0	2.97814044910358e-05	0	5.79777365491651e-05	0	1.79201835026791e-05	0	0
3	38601826	C	T	EAS	0	2.97778571853969e-05	0	5.79777365491651e-05	0	3.58057181731923e-05	3.24865180949906e-05	0
3	38639278	G	A	EAS	0	0	0	5.79777365491651e-05	0	0	0	0
19	11221390	G	A	NFE	0	0	0	5.30335171828596e-05	0	5.53342186808322e-05	0	0
14	23883310	G	A	NFE	0	2.90596303615018e-05	0	0	0	5.52826523037071e-05	0	0
19	11210922	G	A	NFE	0	0	0	0	0	5.52433865774354e-05	0	0
19	11213408	T	G	NFE	0	2.90528762347472e-05	0	0	0	5.52390271618188e-05	0	0
19	11217264	G	A	NFE	4.16077223932762e-05	0	0	5.29941706412295e-05	0	5.52364118426867e-05	0	0
7	150644799	G	A	NFE	0	3.47777700493844e-05	0	0	0	5.41207542268309e-05	3.8311240517968e-05	0
1	156105059	C	T	NFE	0	2.9806259314456e-05	0	0	0	5.39898499082173e-05	0	0
19	11216124	C	G	NFE	0	0	0	0	0	5.37480292389279e-05	0	0
3	46902238	C	T	NFE	0	0	0	0	0	5.37085772597884e-05	0	0
19	11226829	G	A	NFE	0	0	0	0	0	5.37066542544621e-05	0	0
3	38592033	G	A	EAS	0	2.91222552274448e-05	0	5.32028091083209e-05	0	1.58750317500635e-05	0	0
11	2591955	G	A	EAS	0	0	0	5.30898279889573e-05	4.05679513184584e-05	7.91865952931488e-06	0	0
19	11221334	A	G	EAS	0	2.90646980177876e-05	0	5.30335171828596e-05	0	1.58135268909025e-05	3.2492851572654e-05	0
14	23887557	C	T	EAS	0	2.90579415354216e-05	0	5.30222693531283e-05	0	7.91214355793272e-06	3.2488628979857e-05	0
19	11224014	G	A	EAS	0	0	0	5.30222693531283e-05	3.87807337314822e-05	2.37086678889802e-05	0	0
11	2790112	G	A	EAS	4.16631947337722e-05	0	0	5.3011026293469e-05	0	3.94726454566985e-05	0	0
11	2799254	G	A	EAS	0	0	0	5.30054065514682e-05	0	4.74008532153579e-05	0	0
3	46900985	C	T	EAS	0	0	0	5.30054065514682e-05	3.87837418554142e-05	4.73806402703855e-05	0	0
12	32975421	G	A	EAS	0	0	0	5.2999788000848e-05	0	7.89951812939411e-06	0	0
7	150648593	C	T	EAS	0	0	0	5.2999788000848e-05	0	4.73552114410191e-05	0	0
14	23900998	C	T	EAS	0	0	0	5.29941706412295e-05	0	2.36746160766426e-05	3.24865180949906e-05	0
7	150644796	G	C	NFE	0	0	0	0	0	4.89787921829848e-05	0	0
11	47355233	C	G	NFE	4.16631947337722e-05	0	0	0	0	4.76099790516092e-05	0	0
11	2591864	G	A	NFE	0	0	0	0	0	4.75835487810681e-05	0	0
14	23884860	C	T	NFE	0	0	0	0	0	4.74668523148002e-05	0	0
1	55524216	C	G	NFE	0	0	0	0	0	4.73739064523261e-05	3.24865180949906e-05	0
14	23884458	G	T	NFE	0	0	0	0	0	4.73499794816756e-05	0	0
3	38645213	G	A	AMR	0	4.70101541933058e-05	0	0	0	2.37445090822747e-05	0	0
11	47360209	G	A	NFE	0	0	0	0	0	4.52586987218943e-05	3.27482315954938e-05	0
14	23901077	C	T	FIN	0	2.97778571853969e-05	0	0	4.48591422931994e-05	0	0	0
14	23886827	G	A	FIN	0	0	0	0	4.48510943667026e-05	8.95191033766606e-06	3.24865180949906e-05	0
11	2608861	G	A	FIN	0	0	0	0	4.4847071486232e-05	1.7905102954342e-05	0	0
11	2790132	G	A	FIN	0	0	0	0	4.48430493273543e-05	0	0	0
14	23892818	C	T	FIN	0	2.97778571853969e-05	0	0	4.48430493273543e-05	1.79022180848207e-05	0	0
7	150649718	G	A	FIN	0	0	0	0	4.48430493273543e-05	3.58288099460776e-05	0	0
1	156108325	G	A	AFR	4.31369165732034e-05	0	0	0	0	1.65527287173291e-05	0	0
11	47372876	C	T	NFE	0	0	0	0	0	4.2878888579208e-05	3.73078644978361e-05	0
11	2593335	G	A	AFR	4.26766814612496e-05	0	0	0	0	3.22383055546601e-05	0	0
19	11216264	G	T	AFR	4.19850533210177e-05	0	0	0	0	1.59441317623049e-05	0	0
3	38648173	C	T	AFR	4.19639110365086e-05	2.91443226859408e-05	0	0	0	7.92556311125905e-06	0	0
11	47364162	C	G	AFR	4.16875104218776e-05	0	0	0	0	3.99131489878025e-05	0	0
14	23896955	T	C	AFR	4.1642375281086e-05	0	0	0	0	3.15696426316454e-05	0	0
3	46900980	C	T	AFR	4.16285072017317e-05	0	0	0	0	3.94876087883622e-05	0	0
7	150645949	G	A	AFR	4.16250416250416e-05	0	0	0	0	7.89964293613929e-06	0	0
14	23894566	C	T	AFR	4.16146483562214e-05	0	0	0	0	3.15731312652932e-05	3.24865180949906e-05	0
12	33003841	G	A	AFR	4.16042602762523e-05	0	0	0	0	1.57982874656387e-05	3.2488628979857e-05	0
11	47364709	C	T	FIN	0	2.98222593343672e-05	0	0	4.08496732026144e-05	1.64079677091195e-05	0	0
12	111352007	A	G	NFE	0	2.90528762347472e-05	0	0	0	3.94583162347296e-05	0	0
19	11230790	T	C	NFE	0	0	0	0	0	3.94527119794215e-05	0	0
11	2799241	G	A	FIN	0	0	0	0	3.91420072021293e-05	1.58042797989696e-05	0	0
2	21232176	G	A	NFE	0	0	0	0	0	3.5896975679799e-05	0	0
11	2608813	G	A	NFE	0	0	0	0	0	3.58596453481075e-05	0	0
18	28667778	T	C	NFE	0	0	0	0	0	3.58564308508731e-05	0	0
12	32949048	G	A	NFE	0	2.97778571853969e-05	0	0	0	3.58223925776003e-05	0	0
19	11210912	C	G	NFE	0	0	0	0	0	3.58217509671873e-05	0	0
19	11230888	C	A	NFE	0	0	0	0	0	3.58057181731923e-05	0	0
11	47368981	T	A	AMR	0	3.47608453837597e-05	0	0	0	0	0	0
11	47364129	C	G	NFE	0	0	0	0	0	3.39207272603925e-05	0	0
3	38639228	C	T	SAS	0	0	0	0	0	0	3.26925591735321e-05	0
11	47358993	C	T	SAS	0	0	0	0	0	9.09818764102191e-06	3.25436084353033e-05	0
11	2593316	T	C	SAS	0	0	0	0	0	0	3.25414904002603e-05	0
11	2591984	G	A	SAS	0	2.90680774373583e-05	0	0	0	7.92204705695952e-06	3.24970752632263e-05	0
11	2591912	G	A	SAS	0	0	0	0	0	9.00641256574681e-06	3.24949632806915e-05	0
1	156105747	G	A	SAS	0	0	0	0	0	1.79778512872142e-05	3.24907401390604e-05	0
11	2592624	C	T	SAS	0	0	0	0	0	1.80538003249684e-05	3.2488628979857e-05	0
12	32955433	G	A	SAS	0	0	0	0	0	0	3.2488628979857e-05	0
19	11215937	G	A	SAS	0	0	0	0	0	0	3.2488628979857e-05	0
19	11223962	G	A	SAS	0	2.9792051480665e-05	0	0	0	2.69449783542007e-05	3.2488628979857e-05	0
1	156104586	A	G	SAS	0	0	0	0	0	8.95575855274942e-06	3.24865180949906e-05	0
11	2549180	C	T	SAS	0	0	0	0	0	0	3.24865180949906e-05	0
11	2549253	G	A	SAS	0	0	0	0	0	1.79047823673703e-05	3.24865180949906e-05	0
11	2606460	T	C	SAS	0	0	0	0	0	0	3.24865180949906e-05	0
11	2799220	C	T	SAS	0	0	0	0	0	2.6875940657923e-05	3.24865180949906e-05	0
12	33021869	G	A	SAS	0	0	0	0	0	0	3.24865180949906e-05	0
14	23883068	C	T	SAS	0	0	0	0	0	7.89278441648645e-06	3.24865180949906e-05	0
14	23884256	G	C	SAS	0	0	0	0	0	8.95656068069861e-06	3.24865180949906e-05	0
14	23887447	G	C	SAS	0	0	0	0	0	0	3.24865180949906e-05	0
14	23894536	C	T	SAS	0	2.97778571853969e-05	0	0	0	0	3.24865180949906e-05	0
14	23895023	G	A	SAS	0	0	0	0	0	1.79423691104173e-05	3.24865180949906e-05	0
14	23898247	G	A	SAS	0	0	0	0	0	2.36757371046152e-05	3.24865180949906e-05	0
14	23902340	C	T	SAS	0	0	0	0	0	2.68557310129982e-05	3.24865180949906e-05	0
19	11213450	G	A	SAS	0	0	0	0	0	2.6857654431513e-05	3.24865180949906e-05	0
19	11213463	G	T	SAS	0	0	0	0	0	0	3.24865180949906e-05	0
19	11218077	G	A	SAS	0	0	0	0	0	0	3.24865180949906e-05	0
19	11218109	G	A	SAS	0	0	0	0	0	1.79035001342763e-05	3.24865180949906e-05	0
19	11222190	A	G	SAS	0	0	0	0	0	0	3.24865180949906e-05	0
19	11224052	G	A	SAS	0	2.97796307325789e-05	0	0	0	8.96057347670251e-06	3.24865180949906e-05	0
19	11224419	G	A	SAS	0	0	0	0	0	1.79124796245544e-05	3.24865180949906e-05	0
19	11230819	C	T	SAS	0	0	0	0	0	1.79025385799706e-05	3.24865180949906e-05	0
19	11238761	G	A	SAS	0	2.97778571853969e-05	0	0	0	0	3.24865180949906e-05	0
3	38651372	C	T	SAS	0	0	0	0	0	8.952070613933e-06	3.24865180949906e-05	0
7	150646083	G	A	SAS	0	0	0	0	0	0	3.24865180949906e-05	0
11	47362757	T	A	AMR	0	3.23582707740098e-05	0	0	0	0	0	0
14	23896042	C	T	NFE	0	0	0	0	0	3.15716360421797e-05	0	0
11	47355304	C	T	AMR	0	3.08546744831842e-05	0	0	0	0	0	0
11	47353626	G	A	AMR	0	2.9956263854772e-05	0	0	0	9.09835319807115e-06	0	0
3	38603961	C	T	AMR	0	2.98222593343672e-05	0	0	0	8.99361453368109e-06	0	0
19	11200236	G	A	AMR	0	2.9820480706149e-05	0	0	0	0	0	0
19	11216263	C	G	AMR	0	2.98080362465721e-05	0	0	0	9.04617166015342e-06	0	0
11	2594100	G	A	AMR	0	2.97885016383676e-05	0	0	0	0	0	0
14	23884229	C	T	AMR	0	2.97849526419253e-05	0	0	0	0	0	0
3	38607917	C	T	AMR	0	2.97849526419253e-05	0	0	0	8.95399437689153e-06	0	0
11	2591882	G	A	AMR	0	2.97831784608053e-05	0	0	0	1.79859349988309e-05	0	0
6	7584592	G	A	AMR	0	2.97831784608053e-05	0	0	0	0	0	0
19	11216077	G	A	AMR	0	2.97814044910358e-05	0	0	0	0	0	0
3	38601751	C	T	AMR	0	2.97814044910358e-05	0	0	0	0	0	0
12	111352094	C	T	AMR	0	2.97796307325789e-05	0	0	0	0	0	0
19	11222219	T	C	AMR	0	2.97796307325789e-05	0	0	0	0	0	0
19	11231101	C	A	AMR	0	2.97796307325789e-05	0	0	0	8.95543774179682e-06	0	0
6	7583991	C	T	AMR	0	2.97796307325789e-05	0	0	0	8.95175006713813e-06	0	0
1	156105812	C	T	AMR	0	2.97778571853969e-05	0	0	0	0	0	0
14	23885003	G	T	AMR	0	2.97778571853969e-05	0	0	0	1.79099131369213e-05	0	0
14	23900798	C	T	AMR	0	2.97778571853969e-05	0	0	0	8.95142954329807e-06	0	0
14	23900811	C	T	AMR	0	2.97778571853969e-05	0	0	0	0	0	0
15	35085632	G	A	AMR	0	2.97778571853969e-05	0	0	0	8.95110904241035e-06	0	0
3	38592123	T	C	AMR	0	2.97778571853969e-05	0	0	0	1.79031796046978e-05	0	0
3	38592485	A	T	AMR	0	2.97778571853969e-05	0	0	0	0	0	0
3	46902192	C	T	AMR	0	2.97778571853969e-05	0	0	0	8.95527734493937e-06	0	0
11	2592638	G	A	AMR	0	2.90816029779561e-05	0	0	0	2.40111411695026e-05	0	0
15	35083364	C	T	AMR	0	2.90545644720786e-05	0	0	0	2.37653880887875e-05	0	0
14	23901857	T	C	AMR	0	2.90528762347472e-05	0	0	0	1.5785319652723e-05	0	0
19	11231057	T	C	AMR	0	2.90528762347472e-05	0	0	0	7.89216150519304e-06	0	0
3	38595864	G	A	AMR	0	2.90528762347472e-05	0	0	0	1.57843230103861e-05	0	0
19	11215934	G	T	NFE	0	0	0	0	0	2.69212821709322e-05	0	0
11	47367809	C	T	NFE	0	0	0	0	0	2.68976276292431e-05	0	0
1	156106742	C	T	NFE	0	0	0	0	0	2.68942518019149e-05	0	0
18	29125783	G	T	NFE	0	0	0	0	0	2.68889486421081e-05	0	0
19	11216011	C	A	NFE	0	0	0	0	0	2.68865388062377e-05	0	0
19	11216090	G	A	NFE	0	0	0	0	0	2.68773853679514e-05	0	0
18	28669424	C	T	NFE	0	0	0	0	0	2.68692007308423e-05	0	0
14	23886382	C	T	NFE	0	0	0	0	0	2.68528464017186e-05	0	0
3	38591902	G	T	NFE	0	0	0	0	0	2.56471634237253e-05	0	0
3	38640469	C	T	NFE	0	0	0	0	0	2.37853609032094e-05	0	0
7	150647304	G	A	NFE	0	0	0	0	0	2.37604942182797e-05	0	0
18	29104714	A	T	NFE	0	0	0	0	0	2.37071690479201e-05	0	0
19	11224428	C	T	NFE	0	0	0	0	0	2.37019245962772e-05	0	0
1	156100449	G	A	NFE	0	0	0	0	0	2.36877013454614e-05	0	0
3	38597211	T	C	NFE	0	0	0	0	0	2.36820916023303e-05	0	0
14	23886394	T	G	NFE	0	0	0	0	0	2.36794746313895e-05	0	0
19	55663249	C	T	NFE	0	0	0	0	0	2.36768582387574e-05	0	0
14	23898246	C	T	NFE	0	0	0	0	0	2.36757371046152e-05	0	0
14	23893192	T	A	NFE	0	0	0	0	0	2.36734951548247e-05	0	0
11	2466660	A	G	NFE	0	0	0	0	0	2.00525376486394e-05	0	0
18	29101208	T	C	NFE	0	0	0	0	0	1.88982330152131e-05	0	0
19	11215907	T	C	NFE	0	0	0	0	0	1.80157457617958e-05	0	0
1	156106150	C	T	NFE	0	0	0	0	0	1.79927309367016e-05	0	0
19	11224206	C	G	NFE	0	0	0	0	0	1.79736506281791e-05	0	0
11	2591940	T	C	NFE	0	0	0	0	0	1.79607378271099e-05	0	0
11	47355106	A	C	NFE	0	0	0	0	0	1.79520321700416e-05	0	0
14	23894984	T	C	NFE	0	0	0	0	0	1.79488099938974e-05	0	0
19	11231198	G	T	NFE	0	0	0	0	0	1.79352894755721e-05	0	0
19	11223989	G	A	NFE	0	0	0	0	0	1.79323948713351e-05	0	0
18	29111007	G	A	NFE	0	0	0	0	0	1.79317517528287e-05	0	0
19	11216000	G	T	NFE	0	0	0	0	0	1.79240379272643e-05	0	0
19	55665450	G	A	NFE	0	0	0	0	0	1.79182569119676e-05	0	0
19	11216084	G	A	NFE	0	0	0	0	0	1.79179358537896e-05	0	0
14	23882997	G	A	NFE	0	0	0	0	0	1.79163307354654e-05	0	0
19	11216101	C	G	NFE	0	0	0	0	0	1.79163307354654e-05	0	0
12	33031915	A	T	NFE	0	0	0	0	0	1.79099131369213e-05	0	0
7	150648731	C	T	NFE	0	0	0	0	0	1.79092716299228e-05	0	0
14	23897049	C	T	NFE	0	0	0	0	0	1.79073473846319e-05	0	0
6	7583973	C	T	NFE	0	0	0	0	0	1.79070267172839e-05	0	0
19	11226873	A	C	NFE	0	0	0	0	0	1.790670606142e-05	0	0
19	11210928	C	T	NFE	0	0	0	0	0	1.79060647841424e-05	0	0
11	47353740	G	A	NFE	0	0	0	0	0	1.7905102954342e-05	0	0
11	2549249	G	A	NFE	0	0	0	0	0	1.7904141227866e-05	0	0
14	23891465	C	T	NFE	0	0	0	0	0	1.79028590865961e-05	0	0
19	11227559	G	C	NFE	0	0	0	0	0	1.79028590865961e-05	0	0
19	11213390	C	T	NFE	0	0	0	0	0	1.79022180848207e-05	0	0
14	23893234	T	A	NFE	0	0	0	0	0	1.79018976011457e-05	0	0
18	28651758	A	C	NFE	0	0	0	0	0	1.58569072688063e-05	0	0
12	32975460	G	A	NFE	0	0	0	0	0	1.58020321413334e-05	0	0
14	23894048	C	T	NFE	0	0	0	0	0	1.57885596097068e-05	0	0
12	33021899	G	A	NFE	0	0	0	0	0	1.57883103350279e-05	0	0
19	11224326	G	C	NFE	0	0	0	0	0	1.57878118092832e-05	0	0
19	11227612	C	T	NFE	0	0	0	0	0	1.57850704803397e-05	0	0
14	23897840	C	T	NFE	0	0	0	0	0	1.57840738694657e-05	0	0
11	47374196	C	G	NFE	0	0	0	0	0	9.55237567583058e-06	0	0
11	47368581	C	G	NFE	0	0	0	0	0	9.37277396618303e-06	0	0
14	23889431	C	A	NFE	0	0	0	0	0	9.2186290054943e-06	0	0
7	150645543	C	A	NFE	0	0	0	0	0	9.16136834197556e-06	0	0
12	33031445	C	T	NFE	0	0	0	0	0	9.09851876114569e-06	0	0
7	150647450	G	A	NFE	0	0	0	0	0	9.09587047480444e-06	0	0
14	23889167	C	T	NFE	0	0	0	0	0	9.04388091017618e-06	0	0
3	38603944	G	A	NFE	0	0	0	0	0	9.0401200527943e-06	0	0
11	2593283	G	A	NFE	0	0	0	0	0	9.02592244927432e-06	0	0
11	2594209	G	C	NFE	0	0	0	0	0	9.02592244927432e-06	0	0
19	11231081	G	A	NFE	0	0	0	0	0	9.02445627650934e-06	0	0
11	2593286	C	T	NFE	0	0	0	0	0	9.02299057999783e-06	0	0
3	38603952	C	T	NFE	0	0	0	0	0	9.01989789475583e-06	0	0
3	46899961	G	A	NFE	0	0	0	0	0	9.01696993742223e-06	0	0
12	33003699	C	G	NFE	0	0	0	0	0	9.00998306123184e-06	0	0
19	11215908	G	A	NFE	0	0	0	0	0	9.00771060027383e-06	0	0
11	47354131	G	A	NFE	0	0	0	0	0	9.00625033773439e-06	0	0
18	29104517	A	G	NFE	0	0	0	0	0	9.00300700433945e-06	0	0
19	11216248	C	A	NFE	0	0	0	0	0	9.00057603686636e-06	0	0
19	11216247	G	A	NFE	0	0	0	0	0	8.999928000576e-06	0	0
3	14172412	G	A	NFE	0	0	0	0	0	8.99733678831066e-06	0	0
11	2591882	G	C	NFE	0	0	0	0	0	8.99296749941546e-06	0	0
6	7580228	C	T	NFE	0	0	0	0	0	8.99167371014441e-06	0	0
19	11215919	G	T	NFE	0	0	0	0	0	8.99135032099121e-06	0	0
7	150654548	G	C	NFE	0	0	0	0	0	8.99135032099121e-06	0	0
11	47364580	A	G	NFE	0	0	0	0	0	8.98876404494382e-06	0	0
12	32993961	C	T	NFE	0	0	0	0	0	8.98488741936064e-06	0	0
19	11234017	C	T	NFE	0	0	0	0	0	8.98069151324652e-06	0	0
11	2594112	C	T	NFE	0	0	0	0	0	8.97956251571424e-06	0	0
18	28659816	G	A	NFE	0	0	0	0	0	8.97859502944979e-06	0	0
15	63356332	T	C	NFE	0	0	0	0	0	8.97359966977153e-06	0	0
11	47367757	C	A	NFE	0	0	0	0	0	8.97247245450956e-06	0	0
19	11224126	G	A	NFE	0	0	0	0	0	8.97247245450956e-06	0	0
19	11224127	T	A	NFE	0	0	0	0	0	8.97182845863987e-06	0	0
15	63354418	C	T	NFE	0	0	0	0	0	8.97086263815129e-06	0	0
19	11224439	G	A	NFE	0	0	0	0	0	8.96700143472023e-06	0	0
19	11221391	G	A	NFE	0	0	0	0	0	8.96619743566753e-06	0	0
11	47367768	C	G	NFE	0	0	0	0	0	8.96491133702688e-06	0	0
14	23902297	A	G	NFE	0	0	0	0	0	8.96410771271828e-06	0	0
19	11224019	G	A	NFE	0	0	0	0	0	8.96378630333453e-06	0	0
19	11215982	T	C	NFE	0	0	0	0	0	8.96217960207923e-06	0	0
19	11224024	C	G	NFE	0	0	0	0	0	8.9618583309435e-06	0	0
15	63354447	A	G	NFE	0	0	0	0	0	8.96169770401305e-06	0	0
19	11216047	C	A	NFE	0	0	0	0	0	8.96153708284045e-06	0	0
19	11218165	G	A	NFE	0	0	0	0	0	8.96153708284045e-06	0	0
12	32974436	C	A	NFE	0	0	0	0	0	8.96073406333447e-06	0	0
6	7568676	C	T	NFE	0	0	0	0	0	8.96057347670251e-06	0	0
19	11216171	T	C	NFE	0	0	0	0	0	8.96041289582624e-06	0	0
3	38593004	G	A	NFE	0	0	0	0	0	8.96009175133953e-06	0	0
3	38601883	T	C	NFE	0	0	0	0	0	8.95993118772848e-06	0	0
19	11231177	G	A	NFE	0	0	0	0	0	8.95961007776942e-06	0	0
11	2604775	G	A	NFE	0	0	0	0	0	8.95944953142079e-06	0	0
6	7580603	C	T	NFE	0	0	0	0	0	8.95928899082569e-06	0	0
18	29099830	G	A	NFE	0	0	0	0	0	8.9591284559838e-06	0	0
19	11231171	G	C	NFE	0	0	0	0	0	8.9591284559838e-06	0	0
1	156106775	C	T	NFE	0	0	0	0	0	8.95896792689482e-06	0	0
19	11222199	A	G	NFE	0	0	0	0	0	8.95896792689482e-06	0	0
19	11231087	T	C	NFE	0	0	0	0	0	8.95848637414222e-06	0	0
7	150648009	C	T	NFE	0	0	0	0	0	8.95832586806178e-06	0	0
11	47353795	C	T	NFE	0	0	0	0	0	8.95816536773269e-06	0	0
1	156106776	G	A	NFE	0	0	0	0	0	8.95800487315465e-06	0	0
19	11224422	G	A	NFE	0	0	0	0	0	8.95768390125049e-06	0	0
19	11222262	A	C	NFE	0	0	0	0	0	8.95720248651941e-06	0	0
12	33031955	G	A	NFE	0	0	0	0	0	8.95640024361409e-06	0	0
19	55665540	C	T	NFE	0	0	0	0	0	8.95640024361409e-06	0	0
19	11222231	T	C	NFE	0	0	0	0	0	8.95591896684519e-06	0	0
14	23883305	C	T	NFE	0	0	0	0	0	8.95575855274942e-06	0	0
12	111358330	C	A	NFE	0	0	0	0	0	8.95511695382742e-06	0	0
19	11213463	G	C	NFE	0	0	0	0	0	8.95495656846064e-06	0	0
14	23900635	A	G	NFE	0	0	0	0	0	8.95479618883874e-06	0	0
19	11224319	C	G	NFE	0	0	0	0	0	8.9541547277937e-06	0	0
15	63349193	G	A	NFE	0	0	0	0	0	8.95367369231596e-06	0	0
11	2683190	G	T	NFE	0	0	0	0	0	8.95351335864193e-06	0	0
11	47364270	G	C	NFE	0	0	0	0	0	8.95335303071e-06	0	0
11	2606440	A	C	NFE	0	0	0	0	0	8.95319270851986e-06	0	0
14	23901922	C	T	NFE	0	0	0	0	0	8.95319270851986e-06	0	0
14	23887444	G	A	NFE	0	0	0	0	0	8.9528720813637e-06	0	0
19	11227676	T	C	NFE	0	0	0	0	0	8.9528720813637e-06	0	0
14	23893321	T	C	NFE	0	0	0	0	0	8.95255147717099e-06	0	0
19	11213453	C	T	NFE	0	0	0	0	0	8.95255147717099e-06	0	0
19	11231058	G	A	NFE	0	0	0	0	0	8.95255147717099e-06	0	0
11	2604708	C	T	NFE	0	0	0	0	0	8.95239118368516e-06	0	0
14	23883265	T	C	NFE	0	0	0	0	0	8.95239118368516e-06	0	0
3	46902289	C	T	NFE	0	0	0	0	0	8.95239118368516e-06	0	0
7	150646069	G	A	NFE	0	0	0	0	0	8.95239118368516e-06	0	0
14	23887458	G	A	NFE	0	0	0	0	0	8.952070613933e-06	0	0
14	23894567	G	A	NFE	0	0	0	0	0	8.952070613933e-06	0	0
19	11213445	C	G	NFE	0	0	0	0	0	8.952070613933e-06	0	0
19	11226781	G	A	NFE	0	0	0	0	0	8.952070613933e-06	0	0
14	23886150	T	C	NFE	0	0	0	0	0	8.95191033766606e-06	0	0
15	35082635	A	G	NFE	0	0	0	0	0	8.95191033766606e-06	0	0
19	11218096	C	A	NFE	0	0	0	0	0	8.95191033766606e-06	0	0
19	11240187	A	G	NFE	0	0	0	0	0	8.95175006713813e-06	0	0
14	23884353	C	T	NFE	0	0	0	0	0	8.9515898023489e-06	0	0
14	23892881	G	T	NFE	0	0	0	0	0	8.9515898023489e-06	0	0
14	23900859	C	T	NFE	0	0	0	0	0	8.95142954329807e-06	0	0
19	11227576	C	G	NFE	0	0	0	0	0	8.95142954329807e-06	0	0
19	11213339	G	A	NFE	0	0	0	0	0	8.95126928998532e-06	0	0
19	11217309	T	C	NFE	0	0	0	0	0	8.95126928998532e-06	0	0
19	11230858	C	A	NFE	0	0	0	0	0	8.95126928998532e-06	0	0
19	11240274	C	A	NFE	0	0	0	0	0	8.95126928998532e-06	0	0
19	11240274	C	G	NFE	0	0	0	0	0	8.95126928998532e-06	0	0
12	111350944	G	C	NFE	0	0	0	0	0	8.95110904241035e-06	0	0
14	23893180	T	A	NFE	0	0	0	0	0	8.95094880057286e-06	0	0
14	23896932	C	G	NFE	0	0	0	0	0	8.95094880057286e-06	0	0
15	35085599	C	T	NFE	0	0	0	0	0	8.95094880057286e-06	0	0
19	11217268	T	C	NFE	0	0	0	0	0	8.95094880057286e-06	0	0
3	38592836	A	G	NFE	0	0	0	0	0	8.95094880057286e-06	0	0
3	38592864	C	T	NFE	0	0	0	0	0	8.95094880057286e-06	0	0
1	156105704	G	A	NFE	0	0	0	0	0	6.66933440042684e-05	NA	0
1	156105716	C	T	AMR	0	0.00119331742243437	0	0	0	0	NA	0
1	156106994	C	T	EAS	0	0	0	0.00123456790123457	0	0	NA	0
11	2593250	C	T	NFE	0	0	0	0	0	6.68896321070234e-05	NA	0
11	2593251	G	A	ASJ	0	0	0.0033112582781457	0	0	0	NA	0
11	2797214	C	T	NFE	0	0	0	0	0	6.67467627820051e-05	NA	0
11	47354740	C	T	NFE	0	0	0	0	0	6.68717400026749e-05	NA	0
11	47354743	A	C	NFE	0	0	0	0	0	6.69164882226981e-05	NA	0
11	47354848	T	C	NFE	0	0	0	0	0	6.6862797539449e-05	NA	0
11	47364698	T	C	EAS	0	0	0	0.00061652281134402	0	0	NA	0
11	47367923	T	C	NFE	0	0	0	0	0	6.68181210744354e-05	NA	0
11	47367930	C	T	NFE	0	0	0	0	0	6.68538574675759e-05	NA	0
11	47369209	G	A	EAS	0	0	0	0.000617283950617284	0.000286532951289398	0	NA	0
11	47372859	C	T	NFE	0	0	0	0	0	6.67289470172161e-05	NA	0
12	32945633	G	A	AFR	0.000114600045840018	0	0	0	0	0	NA	0
12	32975529	A	T	NFE	0	0	0	0	0	6.66133759658939e-05	NA	0
14	23883224	C	T	AFR	0.00011454753722795	0	0	0	0	0	NA	0
14	23893316	G	C	NFE	0	0	0	0	0	6.66400106624017e-05	NA	0
14	23894013	G	C	NFE	0	0	0	0	0	6.67022411953042e-05	NA	0
14	23894102	A	G	OTH	0	0	0	0	0	0	NA	0.0010183299389002
14	23894969	C	T	NFE	0	0	0	0	0	6.67022411953042e-05	NA	0
14	23895180	G	A	NFE	0	0	0	0	0	6.66755567408988e-05	NA	0
14	23896866	C	T	NFE	0	0	0	0	0	6.66755567408988e-05	NA	0
14	23899076	A	G	NFE	0	0	0	0	0	6.68806848582129e-05	NA	0
18	28662344	G	C	AFR	0.000114652602614079	0	0	0	0	0	NA	0
18	29099821	G	A	AFR	0.000114573785517874	0	0	0	0	0	NA	0
18	29104712	G	T	AFR	0.000114468864468864	0	0	0	0	0	NA	0
18	29116261	G	A	AFR	0.00011454753722795	0	0	0	0	0	NA	0
19	11200105	C	T	FIN	0	0	0	0	0.000286368843069874	0	NA	0
19	11213448	A	T	NFE	0	0	0	0	0	6.6657778962805e-05	NA	0
19	11216096	G	A	NFE	0	0	0	0	0	6.66488936283658e-05	NA	0
19	11216133	G	A	NFE	0	0	0	0	0	0.000199946680885097	NA	0
19	11218182	A	C	NFE	0	0	0	0	0	6.66933440042684e-05	NA	0
19	11222190	A	T	NFE	0	0	0	0	0	0.000133511348464619	NA	0
19	11222247	G	A	OTH	0	0	0	0	0	0	NA	0.00102040816326531
19	11222264	T	C	NFE	0	0	0	0	0	6.66933440042684e-05	NA	0
19	11227674	G	A	AFR	0.000114573785517874	0	0	0	0	0	NA	0
19	11230767	G	A	AFR	0.00011454753722795	0	0	0	0	0	NA	0
19	11230808	T	G	AFR	0.000114521300961979	0	0	0	0	0	NA	0
19	11233876	G	T	NFE	0	0	0	0	0	6.68359844940516e-05	NA	0
19	55665525	C	T	AFR	0.000114573785517874	0	0	0	0	0	NA	0
3	38592695	G	T	NFE	0	0	0	0	0	6.67645880624917e-05	NA	0
3	38622661	C	A	NFE	0	0	0	0	0	6.69344042838019e-05	NA	0
3	38655264	G	A	AFR	0.000343485230135104	0	0	0	0	0	NA	0
6	7565754	G	A	AFR	0.000114863312657937	0	0	0	0	0	NA	0
7	150648073	C	T	AMR	0	0.00119331742243437	0	0	0	0	NA	0
