Phenotype,Potential_Issues,Prevalence,Prev_Lower,Prev_Upper,Prev_CL,Prev_Obs,Prev_Sample_Size,Prev_Notes,Prev_Source,CAF,CAF_Lower,CAF_Upper,CAF_CL,CAF_Obs,CAF_Sample_Size,CAF_Notes,CAF_Source,PAF_gnomAD,Penetrance_95_Upper_Bound,Typical_age_of_onset,MedGen,MIM,Gene,Inheritance,Variants_to_report
Arrhythm RV CM,German adults,1/1000,1/1245,1/804,0.95,80,80000,"From 1997 to 2002, ARVD/C was diagnosed in 35 females and 45 males (overall prevalence 1 in 1000 inhabitants) ",https://www.ncbi.nlm.nih.gov/pubmed/15561339,1/3.775,1/4.59,1/3.15,0.95,80,302,"La Gerche (6/41), Xu (52/198), Christensen (18/55), Nakajima (4/8) = 80/302 = 0.26",https://www.ncbi.nlm.nih.gov/books/NBK1131/,0.004618211,0.07350002,Child/Adult,C1858379|C1843896|C1836906|C1857777|C1864850,604400|607450|609040|610193|610476,PKP2|DSP|DSC2|TMEM43|DSG2,AD|AD|AD|AD|AD,KP&EP|KP|KP&EP|KP&EP|KP&EP
Brugada Syndrome,Japanese Adults,1/416,1/518,1/333,0.95,78,32447,"Tohyou (12/22027), Namiki (66/10420) = 78/32447",https://www.ncbi.nlm.nih.gov/books/NBK1517/,1/4.820,1/5.24,1/4.44,0.95,438,2111,"Overall, 21% of BrS probands have mutations in SCN5A compared to the 2% to 5% background rate of rare variants reported in healthy control subjects.",https://www.ncbi.nlm.nih.gov/pubmed/20129283,0.006142012,0.09965367,Child/Adult,CN029323,601144,SCN5A,AD,KP&EP
Dilated CM,Projected from ratios; not based on study,1/250,1/739,1/79,0.95,2.5,625,A detailed rationale for revising the prevalence of DCM is provided with an estimate of 1:250 [Hershberger et al 2013].,https://www.nature.com/nrcardio/journal/v10/n9/full/nrcardio.2013.105.html,1/3.714,1/4.48,1/3.12,0.95,84,312,Approximately 27% of DCM probands had possible or likely disease-causing variants identified.,https://www.ncbi.nlm.nih.gov/pubmed/20215591,0.007580867,0.4039372,Child/Adult,C1449563|C1449563,115200|115200,MYBPC3|LMNA,AD|AD,KP&EP|KP&EP
Hypercholesterolemia,"Individuals were selected from the national Danish Civil Registration System to reflect the adult Danish population aged 20_100 yr and were all whites of Danish descent. A total of 69,209 participants were included at the time of analyses.",1/137,1/149,1/126,0.95,504,69016,The prevalence of FH was 0.73% (one in 137). ,https://academic.oup.com/jcem/article/97/11/3956/2836467/Familial-Hypercholesterolemia-in-the-Danish,1/2.439,1/2.48,1/2.40,0.95,6970,17000,"This disorder is caused by mutations in the genes coding for the low-density lipoprotein receptor (LDLR), apolipoprotein B (APOB), and proprotein convertase subtilisin/kexin 9 (PCSK9). However, in 41% of the cases, we cannot find mutations in these genes.",https://academic.oup.com/eurheartj/article-lookup/doi/10.1093/eurheartj/ehs010,0.006901569,0.47203338,Child/Adult,C0020445|C0020445|C1863551,143890|143890|603776,LDLR|APOB|PCSK9,SD|SD|AD,KP&EP|KP|KP
Hypertrophic CM,Subjects contacted randomly in relatively equal numbers from four geographically diverse urban field centers.,1/587,1/1183,1/286,0.95,7,4111,"The prevalence of unexplained LVH in the general population is estimated at 1:500, predicting approximately 600,000 persons with HCM in the US.",http://circ.ahajournals.org/content/92/4/785,1/2.103,1/2.57,1/1.78,0.95,58,122,"Morita (46/84), Fokstuen (12/38) = 58/122",http://circ.ahajournals.org/content/124/24/2761.long,0.006082875,0.25345835,Child/Adult,C3495498|C1861863|C1861862|C1833236|CN069699|C1837471|C1834460|C2677506,192600|115196|1155197|600858|613690|608751|608758|612098,MYH7|TPM1|MYBPC3|PRKAG2|TNNI3|MYL3|MYL2|ACTC1,AD|AD|AD|AD|AD|AD|AD|AD,KP|KP|KP&EP|KP|KP|KP|KP|KP
Long QT Syndrome,"Mean of 2534, binomial exact 95% CI, Italy, whites only",1/2534,1/4022,1/1581,0.95,17,43080,"The prevalence of LQTS has been estimated at 1:2000 [Schwartz et al 2009]; Mean of 2534, binomial exact 95% CI, Italy, whites only",https://www.ncbi.nlm.nih.gov/pmc/articles/PMC2784143/,1/2.183,1/2.26,1/2.11,0.95,1888,4121,"Tester (272/541), Kapa (225/388), Kapplinger (903/2500), Napolitano (310/430), Splawski (178/262) = 1888/4121",https://www.ncbi.nlm.nih.gov/books/NBK1129/,0.009225683,0.0294557,Child/Adult,C0035828|C1835325|C1859062,192500|613688|603830,KCNQ1|KCNH2|SCN5A,AD|AD|AD,KP&EP|KP&EP|KP&EP